appid,name,release_month,peak_players,total_reviews,price,acesso antecipado,aventura,ação,casual,corrida,esportes,estratégia,gratuito p/ jogar,indie,multijogador massivo,rpg,simulação,positive
1245620,ELDEN RING,2,953426,684522,249.9,False,False,True,False,False,False,False,False,False,False,True,False,1
1938090,Call of Duty®: Modern Warfare® II | Warzone™,10,491670,397437,299.9,False,False,True,False,False,False,False,False,False,False,False,False,1
648800,Raft,6,101096,273463,36.99,False,True,False,False,False,False,False,False,True,False,False,True,1
261550,Mount & Blade II: Bannerlord,10,248216,223617,199.99,False,False,True,False,False,False,True,False,True,False,True,True,1
1794680,Vampire Survivors,10,77061,199727,12.99,False,False,True,True,False,False,False,False,True,False,True,False,1
1599340,Lost Ark,2,1325305,193692,0.0,False,True,True,False,False,False,False,True,False,True,True,False,1
534380,Dying Light 2,2,274983,137554,249.0,False,True,True,False,False,False,False,False,False,False,True,False,1
1811260,EA SPORTS™ FIFA 23,9,110878,120910,299.0,False,False,False,False,False,True,False,False,False,False,False,True,1
1332010,Stray,7,62963,120058,69.99,False,True,False,False,False,False,False,False,True,False,False,False,1
1832640,Mirror 2: Project X,1,45657,117509,6.99,True,True,False,False,False,False,False,False,True,False,True,False,0
1593500,God of War,1,73529,105041,199.9,False,True,True,False,False,False,False,False,False,False,True,False,1
1818750,MultiVersus,7,153433,93971,0.0,False,False,True,False,False,False,False,True,False,False,False,False,1
1446780,MONSTER HUNTER RISE,1,231360,75702,139.9,False,False,True,False,False,False,False,False,False,False,False,False,1
1167630,Teardown,4,8339,72875,89.99,False,False,True,False,False,False,True,False,True,False,False,True,1
1142710,Total War: WARHAMMER III,2,166754,72353,252.0,False,False,True,False,False,False,True,False,False,False,False,False,1
1361210,"Warhammer 40,000: Darktide",11,108395,70704,149.95,False,True,True,False,False,False,False,False,True,False,False,False,1
1604030,V Rising,5,150645,70628,37.99,True,True,True,False,False,False,False,False,False,True,False,False,1
1817070,Marvel’s Spider-Man Remastered,8,66436,69101,249.9,False,True,True,True,False,False,False,False,False,False,False,False,1
1449850,Yu-Gi-Oh! Master Duel,1,262689,61948,0.0,False,False,False,False,False,False,True,True,False,False,False,True,1
962130,Grounded,9,32012,60038,199.0,False,True,True,False,False,False,False,False,False,False,False,False,1
1313140,Cult of the Lamb,8,61780,54083,64.95,False,True,True,False,False,False,True,False,True,False,False,False,1
674020,World War 3,12,11792,52042,0.0,False,False,True,False,False,False,False,True,False,False,False,False,1
760160,Vampire: The Masquerade - Bloodhunt,4,29475,50324,0.0,False,False,True,False,False,False,False,True,False,False,False,False,1
1418630,Dread Hunger,1,107982,44070,79.99,False,True,True,False,False,False,False,False,True,False,False,False,1
868270,The Cycle: Frontier,6,40854,43630,0.0,False,False,True,False,False,False,False,True,False,True,False,False,1
313120,Stranded Deep,8,6036,40677,37.99,False,True,False,False,False,False,False,False,True,False,False,False,1
1687950,Persona 5 Royal,10,35474,39211,249.0,False,False,False,False,False,False,False,False,False,False,True,False,1
920210,LEGO® Star Wars™: The Skywalker Saga,4,82517,38196,199.99,False,True,True,False,False,False,False,False,False,False,False,False,1
1919590,NBA 2K23,9,59006,37974,299.9,False,False,False,False,False,True,False,False,False,False,False,True,1
745920,Temtem,9,39572,36844,134.99,False,True,False,False,False,False,False,False,True,True,True,False,1
1290000,PowerWash Simulator,7,10512,36843,74.9,False,False,False,True,False,False,False,False,True,False,False,True,1
611500,Quake Champions,8,17476,36647,0.0,False,False,True,False,False,False,False,True,False,False,False,False,1
1987080,Inside the Backrooms,6,15033,35422,19.99,True,True,False,False,False,False,False,False,True,False,False,False,1
529340,Victoria 3,10,70100,32022,165.99,False,False,False,False,False,False,True,False,False,False,False,True,1
505460,Foxhole,9,11791,30847,57.99,False,False,True,False,False,False,True,False,True,True,True,False,1
1961460,Project Playtime,12,21105,30642,0.0,True,False,True,False,False,False,False,True,True,False,False,False,1
992300,嗜血印 Bloody Spell,1,7267,30186,47.49,False,True,True,False,False,False,False,False,True,False,True,False,1
1189630,俠之道(PathOfWuxia),11,16175,29430,126.16,False,False,False,False,False,False,False,False,True,False,True,False,1
1943950,Escape the Backrooms,8,10770,28776,20.69,True,False,False,False,False,False,False,False,True,False,False,False,1
1824220,Chivalry 2,6,16959,27513,75.49,False,False,True,False,False,False,False,False,False,False,False,False,1
1544020,The Callisto Protocol,12,17580,27343,249.0,False,True,True,False,False,False,False,False,False,False,False,False,1
1296830,暖雪 Warm Snow,1,44702,26871,51.99,False,True,True,False,False,False,False,False,True,False,True,False,1
2087030,Shatterline,9,21760,26480,0.0,True,False,True,False,False,False,False,True,False,True,False,False,1
1621690,Core Keeper,3,34508,25544,49.99,True,True,False,True,False,False,False,False,True,False,True,False,1
1692250,F1® 22,7,25172,23913,249.0,False,False,False,False,True,True,False,False,False,False,False,False,1
1455840,Dorfromantik,4,7101,23119,27.89,False,False,False,True,False,False,True,False,True,False,False,True,1
1703340,The Stanley Parable: Ultra Deluxe,4,13802,21827,47.49,False,True,False,True,False,False,False,False,True,False,False,False,1
1284190,The Planet Crafter,3,14253,21437,37.99,True,True,False,False,False,False,False,False,False,False,False,False,1
1210320,Potion Craft: Alchemist Simulator,12,10161,21427,28.99,False,False,False,False,False,False,False,False,True,False,False,True,1
2021910,FPS Chess,7,3142,20956,0.0,False,False,True,True,False,False,True,True,False,False,False,False,1
1657630,Slime Rancher 2,9,21524,20766,57.99,True,True,True,True,False,False,False,False,True,False,False,True,1
1817190,Marvel's Spider-Man: Miles Morales,11,13539,20586,199.9,False,True,True,False,False,False,False,False,False,False,False,False,1
975370,Dwarf Fortress,12,28340,20584,88.99,False,False,False,False,False,False,True,False,False,False,True,True,1
1818450,STALCRAFT,12,9097,19906,0.0,False,True,True,False,False,False,False,False,False,True,True,False,1
1816670,GUNDAM EVOLUTION,9,56911,19761,0.0,False,False,True,False,False,False,False,True,False,False,False,False,1
1948280,Stacklands,4,5186,19620,26.49,False,False,False,True,False,False,False,False,True,False,False,True,1
1902490,Aperture Desk Job,3,3519,19604,0.0,False,True,True,True,False,False,False,True,False,False,False,False,1
1850570,DEATH STRANDING DIRECTOR'S CUT,3,6093,18168,159.0,False,True,True,False,False,False,False,False,False,False,False,False,1
1237320,Sonic Frontiers,11,19181,17488,249.0,False,True,True,False,False,False,False,False,False,False,False,False,1
1062520,Dinkum,7,13412,16949,37.99,True,False,False,False,False,False,False,False,True,False,True,True,1
1583720,Entropy : Zero 2,8,3751,16869,0.0,False,False,True,False,False,False,False,True,False,False,False,False,1
1718570,ASTLIBRA ～生きた証～ Revision,10,7000,16602,47.49,False,True,True,False,False,False,False,False,False,False,True,False,1
1549250,Undecember,10,46103,16539,0.0,False,False,True,False,False,False,False,True,False,False,True,False,0
1161580,Hardspace: Shipbreaker,5,7731,16522,119.9,False,False,False,False,False,False,False,False,False,False,False,True,1
1190340,SUPER PEOPLE 2,10,47392,16067,0.0,True,False,True,True,False,False,False,True,False,True,False,False,1
1462040,FINAL FANTASY VII REMAKE INTERGRADE,6,13803,16054,349.9,False,True,True,False,False,False,False,False,False,False,True,False,1
1846380,Need for Speed™ Unbound,12,14063,16022,299.0,False,False,True,False,True,False,False,False,False,False,False,False,1
1496790,Gotham Knights,10,24138,15601,299.0,False,True,True,False,False,False,False,False,False,False,True,False,1
1789480,Marauders,10,14332,15526,109.0,True,False,True,False,False,False,False,False,False,False,False,False,1
1997040,MARVEL SNAP,10,11670,14792,0.0,True,False,False,True,False,False,True,True,False,False,False,False,1
1659040,HITMAN 3,1,9043,14279,188.99,False,True,True,False,False,False,False,False,False,False,False,False,1
1659420,UNCHARTED™: Legacy of Thieves Collection,10,10851,14202,199.9,False,True,False,False,False,False,False,False,False,False,False,False,1
1475810,Ghostwire: Tokyo,3,14086,13608,209.0,False,False,True,False,False,False,False,False,False,False,False,False,1
611790,House Party,7,1800,13603,74.99,False,True,False,True,False,False,False,False,True,False,True,True,1
1239690,Retrowave,5,638,13478,6.49,False,False,True,True,True,False,False,False,True,False,False,True,1
1599600,PlateUp!,8,12460,13394,54.99,False,False,True,True,False,False,True,False,True,False,False,False,1
1504570,太荒初境,4,36315,13380,39.9,True,True,True,False,False,False,True,False,True,False,True,False,0
1084600,My Time at Sandrock,5,21778,13359,79.9,True,True,False,True,False,False,False,False,True,False,True,True,1
1977530,One-armed cook,8,2408,13281,0.0,False,False,False,True,False,False,False,True,False,False,False,True,1
1810580,Nobody - The Turnaround,11,82511,13259,0.0,True,False,False,False,False,False,True,False,False,False,False,True,1
1044720,Farthest Frontier,8,24910,13027,57.99,True,False,False,False,False,False,True,False,True,False,False,True,1
1253920,Rogue Legacy 2,4,22811,12912,73.99,False,True,True,False,False,False,False,False,True,False,True,False,1
368260,Marvel's Midnight Suns,12,15500,12879,299.9,False,False,False,False,False,False,True,False,False,False,True,False,1
1922560,Plants vs. Zombies™ Garden Warfare 2: Deluxe Edition,5,4888,12834,89.0,False,False,True,True,False,False,True,False,False,False,False,False,1
997010,Police Simulator: Patrol Officers,11,3330,12548,99.0,False,False,False,False,False,False,False,False,False,False,False,True,1
1350650,FreshWomen - Season 1,8,3383,12338,32.99,False,True,False,False,False,False,False,False,True,False,False,False,1
980610,Quaver,8,891,12246,0.0,False,False,False,True,False,False,False,True,True,False,False,False,1
1401590,Disney Dreamlight Valley,9,14314,12135,112.45,True,True,True,True,False,False,False,False,False,False,True,True,1
1850740,Ghost Watchers,7,4747,12046,28.99,True,True,False,False,False,False,False,False,False,False,False,False,1
2066020,Soulstone Survivors,11,18854,12045,29.99,True,False,True,False,False,False,False,False,True,False,True,False,1
1336490,Against the Storm,11,8425,12015,69.99,True,False,False,False,False,False,True,False,False,False,False,True,1
1029690,Sniper Elite 5,5,14870,11914,93.99,False,True,True,False,False,False,False,False,False,False,False,False,1
1985690,The Looker,6,1632,11757,0.0,False,False,False,False,False,False,False,False,True,False,False,False,1
1592190,BONELAB,9,11991,11709,107.99,False,True,True,False,False,False,False,False,False,False,False,True,1
1533420,Neon White,6,3277,11682,59.99,False,True,True,False,False,False,False,False,True,False,False,False,1
1797880,Lost Light,9,4775,11640,0.0,False,False,True,False,False,False,False,True,False,True,False,False,1
1766740,Choo-Choo Charles,12,4058,11483,59.99,False,True,True,False,False,False,False,False,True,False,False,False,1
1361510,Teenage Mutant Ninja Turtles: Shredder's Revenge,6,11933,11347,94.99,False,True,True,True,False,False,False,False,True,False,False,False,1
1286680,Tiny Tina's Wonderlands,6,15021,11328,299.9,False,True,True,False,False,False,False,False,False,False,True,False,1
2012840,Portal with RTX,12,7169,11289,0.0,False,False,True,False,False,False,False,False,False,False,False,False,1
1113120,IXION,12,17189,10966,101.99,False,False,False,False,False,False,True,False,True,False,False,True,1
2208920,Assassin's Creed Valhalla,12,15679,10884,199.99,False,True,True,False,False,False,False,False,False,False,True,False,1
1761390,Hatsune Miku: Project DIVA Mega Mix+,5,2730,10853,214.95,False,False,True,False,False,False,False,False,False,False,False,False,1
1515210,The Past Within,11,11642,10747,20.49,False,True,False,False,False,False,False,False,True,False,False,False,1
1049890,Little Witch Nobeta,9,3707,10742,49.0,False,False,True,False,False,False,False,False,True,False,False,False,1
698670,Scorn,10,7949,10514,75.99,False,True,True,False,False,False,False,False,True,False,False,False,1
1583230,High On Life,12,11608,10466,109.99,False,True,True,False,False,False,False,False,False,False,False,False,1
861650,Session: Skate Sim,9,1757,10451,75.49,False,False,False,False,False,True,True,False,True,False,False,True,1
1708520,F1® Manager 2022,8,25575,10269,99.99,False,False,False,False,False,False,True,False,False,False,False,True,1
1182900,A Plague Tale: Requiem,10,4927,10234,249.0,False,True,True,False,False,False,False,False,False,False,False,False,1
1170950,Mortal Online 2,1,9657,10151,75.49,False,False,True,False,False,False,False,False,True,True,True,False,1
1284210,Guild Wars 2,8,8324,10114,0.0,False,True,False,False,False,False,False,True,False,True,True,False,1
1531430,Paragon: The Overprime,12,32524,9998,0.0,True,False,True,False,False,True,True,True,False,False,False,False,1
1577120,The Quarry,6,6349,9949,349.9,False,True,False,False,False,False,False,False,False,False,False,False,1
2167580,Summoners War: Chronicles,11,38641,9913,0.0,False,True,True,False,False,False,False,True,False,True,True,False,1
1061910,Metal: Hellsinger,9,3569,9855,99.99,False,True,True,False,False,False,False,False,False,False,False,False,1
1341290,We Were Here Forever,5,8390,9819,54.99,False,True,False,True,False,False,False,False,True,False,False,False,1
707030,POSTAL 4: No Regerts,4,916,9777,107.99,False,True,True,False,False,False,False,False,False,False,False,False,1
1255630,WWE 2K22,3,9535,9662,349.9,False,False,False,False,False,True,False,False,False,False,False,True,1
1147550,Not For Broadcast,1,864,9459,73.99,False,True,False,False,False,False,False,False,True,False,False,True,1
1949740,Banana Shooter,5,1952,9434,0.0,False,False,True,True,False,False,False,True,True,False,False,False,1
1611910,"Warhammer 40,000: Chaos Gate - Daemonhunters",5,12455,9405,84.99,False,False,False,False,False,False,True,False,False,False,True,False,1
553420,TUNIC,3,2501,9075,88.99,False,True,True,False,False,False,False,False,False,False,True,False,1
1999360,Placid Plastic Duck Simulator,7,647,8989,6.0,False,False,False,True,False,False,False,False,False,False,False,True,1
1563180,Internet Cafe Simulator 2,1,3527,8875,37.99,False,True,True,True,False,False,True,False,True,False,False,True,1
1954200,Kena: Bridge of Spirits,9,2643,8834,159.92,False,True,True,False,False,False,False,False,True,False,False,False,1
1296610,Peglin,4,3764,8606,37.99,True,False,False,True,False,False,True,False,True,False,True,False,1
1262350,SIGNALIS,10,872,8601,59.99,False,True,True,False,False,False,False,False,True,False,False,False,1
429790,AdventureQuest 3D,10,2098,8341,0.0,False,True,True,True,False,False,False,True,True,True,True,False,1
1385380,Across the Obelisk,8,14037,8267,66.99,False,True,False,False,False,False,True,False,True,False,True,False,1
1874880,Arma Reforger,5,12342,8182,99.99,True,False,True,False,False,False,True,False,False,False,False,True,1
1063660,Bendy and the Dark Revival,11,5703,8140,57.99,False,True,True,False,False,False,False,False,False,False,False,False,1
1488200,Symphony of War: The Nephilim Saga,6,4383,8086,59.99,False,True,False,False,False,False,True,False,True,False,True,False,1
1104450,Bombergrounds: Reborn,10,1945,8073,0.0,False,True,True,False,False,False,True,True,True,True,False,False,1
1202130,Starship Troopers: Terran Command,6,8163,7912,57.99,False,False,False,False,False,False,True,False,False,False,False,False,1
1865370,The one who pulls out the sword will be crowned king,3,2247,7838,0.0,False,True,False,True,False,False,False,True,True,False,False,False,1
1605220,Dune: Spice Wars,4,8397,7661,99.99,True,False,False,False,False,False,True,False,False,False,False,False,1
1574580,Strange Horticulture,1,1356,7588,46.99,False,True,False,False,False,False,False,False,True,False,False,True,1
2064650,Tower of Fantasy,10,7210,7399,0.0,False,False,True,False,False,False,False,True,False,True,True,False,1
2060130,Return to Monkey Island,9,15539,7375,73.99,False,True,False,True,False,False,False,False,False,False,False,False,1
1782120,ZERO Sievert,11,6136,7248,59.99,True,True,True,False,False,False,False,False,False,False,False,False,1
1424330,Wobbledogs,3,591,7127,44.99,False,False,False,True,False,False,False,False,True,False,False,True,1
1637320,Dome Keeper,9,6883,7104,54.99,False,True,True,False,False,False,False,False,True,False,False,True,1
799600,Cosmoteer: Starship Architect & Commander,10,13794,7042,49.99,True,False,False,False,False,False,True,False,False,False,False,True,1
1058650,Beyond The Wire,8,2312,6995,32.99,False,False,True,False,False,False,True,False,True,True,False,True,1
611360,Video Horror Society,7,6023,6962,0.0,True,False,True,False,False,False,False,True,True,False,False,False,1
1059990,Trombone Champ,9,1067,6944,28.99,False,False,False,True,False,False,False,False,True,False,False,False,1
1158160,Coral Island,10,7487,6852,74.99,True,True,False,True,False,False,True,False,True,False,True,True,1
1372110,JoJo's Bizarre Adventure: All-Star Battle R,9,7029,6791,202.5,False,False,True,False,False,False,False,False,False,False,False,False,1
311260,The Guild 3,6,3513,6627,55.99,False,False,False,False,False,False,True,False,False,False,True,True,1
1473480,A.V.A Global,8,16199,6610,0.0,False,False,True,False,False,False,False,True,False,True,False,False,0
1461810,《蜀山：初章》买断版,11,9202,6528,73.99,False,False,False,False,False,False,False,False,False,True,False,False,1
1220010,Home Behind 2,2,20081,6496,59.0,False,True,False,False,False,False,True,False,True,False,True,True,1
1556790,Isonzo,9,4196,6404,88.99,False,False,True,False,False,False,True,False,True,True,False,True,1
1846170,Iron Lung,3,173,6319,12.39,False,True,False,False,False,False,False,False,True,False,False,True,1
1273400,Construction Simulator,9,17365,6268,99.99,False,False,False,True,False,False,False,False,False,False,False,True,1
1498570,THE KING OF FIGHTERS XV,2,8226,6200,157.99,False,False,True,False,False,False,False,False,False,False,False,False,1
1594940,Little Witch in the Woods,5,4358,6198,30.99,True,True,False,True,False,False,False,False,True,False,True,True,1
1927780,Galaxy Life,8,4741,6166,0.0,False,False,False,False,False,False,True,True,False,False,False,False,1
1942120,The Complex: Found Footage,8,235,6077,0.0,False,True,False,False,False,False,False,True,True,False,False,True,1
1615290,Ravenous Devils,4,2415,6072,10.89,False,False,False,True,False,False,False,False,True,False,False,True,1
799640,Dungeon Munchies,7,861,6041,37.99,False,True,True,False,False,False,False,False,True,False,True,False,1
1926680,FUCK PUTIN,4,246,5973,0.0,False,False,False,False,False,False,False,True,True,False,False,True,1
915810,Midnight Ghost Hunt,3,4987,5956,37.99,True,False,True,False,False,False,False,False,True,False,False,False,1
1129540,Orc Massage,2,1723,5871,46.99,True,False,True,True,False,True,True,False,False,False,True,True,1
1009560,The Tenants,10,4583,5770,73.99,False,False,False,True,False,False,False,False,True,False,False,True,1
1509510,Settlement Survival,10,5613,5747,37.99,False,False,False,False,False,False,True,False,False,False,False,True,1
1611600,WARNO,1,2113,5743,199.49,True,False,True,False,False,False,True,False,True,False,False,True,1
1275670,Outcore,9,453,5730,0.0,False,True,True,False,False,False,False,True,True,False,True,True,1
615530,"Love, Money, Rock'n'Roll",8,4153,5701,37.99,False,True,False,True,False,False,False,False,True,False,False,False,1
961200,Predecessor,12,7339,5671,0.0,True,False,True,False,False,False,True,False,False,True,False,False,1
1911390,Knightfall: A Daring Journey,4,3328,5595,12.39,False,False,True,False,True,False,False,False,True,False,False,False,1
1891700,Tap Ninja,3,3387,5570,0.0,False,False,True,True,False,False,False,True,True,False,True,False,1
867210,Songs of Conquest,5,4192,5551,57.99,True,True,False,False,False,False,True,False,False,False,False,False,1
1288320,Way of the Hunter,8,9880,5533,75.0,False,True,False,False,False,True,False,False,False,False,False,True,1
1065310,Evil West,11,4594,5521,169.9,False,True,True,False,False,False,False,False,False,False,True,False,1
1294660,Divine Knockout (DKO),12,12491,5518,0.0,False,False,True,False,False,False,False,False,False,False,False,False,1
1343240,Thymesia,8,3224,5445,74.9,False,False,True,False,False,False,False,False,False,False,False,False,1
964800,Prodeus,9,716,5373,74.99,False,True,True,True,False,False,False,False,True,False,False,False,1
1866180,Hooked on You: A Dead by Daylight Dating Sim™,8,4382,5370,24.99,False,False,False,True,False,False,False,False,False,False,False,False,1
1359980,POSTAL Brain Damaged,6,764,5254,59.99,False,False,True,False,False,False,False,False,False,False,False,False,1
824550,SD GUNDAM BATTLE ALLIANCE,8,21909,5224,299.9,False,False,True,False,False,False,False,False,False,False,True,False,1
1760250,Madden NFL 23,8,6169,5202,249.0,False,False,False,False,False,True,False,False,False,False,False,True,0
981430,Gordian Quest,6,1913,5169,37.99,False,True,False,False,False,False,True,False,True,False,True,False,1
1815780,Asphalt 9: Legends,8,1142,5103,0.0,False,False,False,False,True,False,False,False,False,False,False,False,1
1109570,《文字遊戲》,1,4105,5096,65.99,False,True,False,False,False,False,True,False,True,False,True,False,1
1692070,CROWZ,6,2559,5073,0.0,False,True,True,True,False,False,False,True,False,True,False,False,0
1477590,EZ2ON REBOOT : R,4,2768,5009,84.99,False,False,True,True,False,True,False,False,False,False,False,False,1
900040,ELEX II,3,8233,4972,129.99,False,True,True,False,False,False,False,False,False,False,True,False,1
1157390,King Arthur: Knight's Tale,4,5376,4965,121.99,False,False,False,False,False,False,True,False,False,False,True,False,1
1712830,Baldi's Basics Classic Remastered,10,847,4920,0.0,False,False,True,False,False,False,True,False,True,False,False,False,1
346330,BrainBread 2,3,1123,4913,0.0,False,True,True,False,False,False,False,True,True,False,False,False,1
2058180,Judgment,9,5606,4861,199.95,False,True,True,False,False,False,False,False,False,False,False,False,1
1097430,依盖之书 book of yog,7,4192,4827,0.0,True,False,True,False,False,False,True,True,False,False,True,False,1
1737100,Treasure of Nadia,2,1699,4793,28.99,False,True,False,False,False,False,False,False,False,False,False,False,1
1740100,At Home Alone Final,1,389,4767,0.0,False,True,False,True,False,False,True,True,True,False,True,True,1
1408610,Call of the Wild: The Angler™,8,9995,4735,57.99,False,True,False,True,False,True,False,False,False,False,False,True,1
1843760,Rogue Tower,1,4318,4584,28.99,False,False,False,True,False,False,True,False,False,False,False,False,1
658920,Half-Life 2: VR Mod,9,1793,4551,0.0,False,True,True,False,False,False,False,False,False,False,False,False,1
1410710,Democracy 4,1,699,4550,80.09,False,False,False,False,False,False,True,False,True,False,False,True,1
1295920,The Mortuary Assistant,8,1399,4537,47.49,False,True,False,False,False,False,False,False,True,False,False,True,1
1131720,Prop and Seek,11,984,4531,0.0,False,False,True,True,False,False,True,False,False,True,False,False,1
2067920,Rogue: Genesia ,9,5178,4499,16.99,True,False,True,True,False,False,True,False,False,False,True,False,1
872670,SCP: 5K - Alpha Testing,2,1856,4405,59.99,True,False,True,False,False,False,True,False,True,True,False,False,1
1272320,Diplomacy is Not an Option,2,3180,4385,47.49,True,False,False,False,False,False,True,False,False,False,False,False,1
1176470,Terra Invicta,9,9826,4380,99.99,True,False,False,False,False,False,True,False,False,False,False,True,1
2059790,再刷一把 PlayAgain,7,12812,4363,18.59,False,True,False,False,False,False,True,False,True,False,True,False,1
1432050,Nobody Saves the World,1,3517,4345,73.99,False,True,True,False,False,False,False,False,True,False,True,False,1
1684930,CULTIC,10,738,4331,20.69,False,False,True,False,False,False,False,False,True,False,False,False,1
1874490,Potionomics,10,5170,4325,47.49,False,False,False,False,False,False,True,False,True,False,True,True,1
1368030,ANNO:Mutationem,3,2938,4315,54.99,False,True,True,False,False,False,False,False,True,False,True,False,1
1888430,10 Minutes Till Dawn,5,3444,4298,0.0,False,False,True,False,False,False,True,True,True,False,False,False,1
987840,Expeditions: Rome,1,9765,4284,84.99,False,False,False,False,False,False,True,False,False,False,True,False,1
1732180,怠惰的怪獸公主不想工作,6,1102,4283,35.79,False,False,False,True,False,False,True,False,True,False,True,True,1
1949190,Necrosmith,7,4498,4198,9.99,False,True,False,False,False,False,True,False,True,False,False,True,1
1608070,CRISIS CORE –FINAL FANTASY VII– REUNION,12,9648,4177,219.9,False,False,True,False,False,False,False,False,False,False,True,False,1
973230,We Who Are About To Die,11,2266,4135,69.99,True,False,True,False,False,False,True,False,True,False,True,True,1
1621070,DeadPoly,1,1067,4098,20.69,True,True,True,True,False,False,False,False,False,True,False,False,1
2113430,Soulstone Survivors: Prologue,8,4818,4082,0.0,False,False,True,False,False,False,False,False,True,False,True,False,1
1485080,Just Act Natural,3,855,4070,0.0,False,False,True,True,False,False,False,True,True,False,False,False,1
1220840,退休模拟器,4,3404,4052,27.89,True,False,False,True,False,False,True,False,True,False,True,True,0
1276760,DRAGON BALL: THE BREAKERS,10,4057,4050,86.9,False,True,True,True,False,False,False,False,False,False,False,False,1
1635450,Longvinter,2,1441,4036,54.99,True,True,True,False,False,False,False,False,False,True,True,True,1
1656780,Hero's Hour,3,4265,3997,34.99,False,False,False,False,False,False,True,False,False,False,True,False,1
1218210,Coromon,3,4026,3976,59.99,False,True,False,False,False,False,True,False,True,False,True,False,1
1677770,The Case of the Golden Idol,10,520,3959,37.99,False,True,False,False,False,False,False,False,True,False,False,False,1
1972440,Shotgun King: The Final Checkmate,5,769,3914,49.99,False,False,True,False,False,False,True,False,True,False,False,False,1
1236300,Resident Evil Re:Verse,10,2115,3822,139.9,False,False,True,False,False,False,False,False,False,False,False,False,0
1229240,Chained Echoes,12,2212,3819,80.0,False,False,False,False,False,False,False,False,True,False,True,False,1
790710,World of Warplanes,2,688,3796,0.0,False,False,True,False,False,False,False,True,False,True,False,True,1
1403370,Zenith MMO,1,4629,3786,57.99,True,True,True,False,False,False,False,False,True,True,True,False,1
2157110,FUCK HITLER,11,204,3778,0.0,False,False,False,False,False,False,False,True,True,False,False,True,1
1594320,Captain of Industry,5,6135,3760,59.99,True,False,False,False,False,False,True,False,True,False,False,True,1
1205520,Pentiment,11,1250,3712,99.0,False,True,False,True,False,False,False,False,False,False,False,False,1
747200,Keplerth,5,7526,3712,46.99,False,True,False,True,False,False,False,False,True,False,True,True,1
1216060,DNF DUEL,6,12331,3693,199.9,False,False,True,True,False,False,False,False,False,False,False,False,1
1578650,Citizen Sleeper,5,570,3666,59.99,False,True,False,False,False,False,False,False,True,False,True,False,1
1121640,The Wandering Village,9,5786,3662,47.49,True,False,False,False,False,False,True,False,False,False,False,True,1
1468720,Ultimate Epic Battle Simulator 2,5,1802,3629,37.99,True,True,True,True,False,False,True,False,True,False,False,True,1
1535560,Farmer Against Potatoes Idle,8,8951,3616,0.0,True,False,False,True,False,False,False,True,True,False,True,True,1
674140,Bugsnax,4,949,3589,47.49,False,True,True,True,False,False,False,False,True,False,False,False,1
1136370,Bear and Breakfast,7,3027,3570,59.99,False,True,False,True,False,False,False,False,False,False,True,True,1
1150760,Gloomwood,9,1939,3566,37.99,True,False,True,False,False,False,False,False,True,False,False,False,1
2190290,To Be or Not to Be,12,4559,3539,26.89,False,True,False,False,False,False,False,False,False,False,True,False,1
1970580,Backpack Hero,8,3627,3504,32.99,True,True,False,True,False,False,True,False,True,False,True,False,1
1291010,Warpips,4,2136,3488,49.99,False,False,True,False,False,False,True,False,True,False,False,False,1
1293180,SuchArt!,10,920,3469,79.99,False,True,False,True,False,False,False,False,True,False,False,True,1
1036890,Shadow Warrior 3: Definitive Edition,3,1651,3469,107.99,False,True,True,False,False,False,False,False,False,False,False,False,1
1296770,Her New Memory,2,261,3408,32.99,False,False,False,True,False,False,False,False,True,False,False,True,1
1329500,SpiderHeck,9,3011,3401,29.95,False,False,True,False,False,False,False,False,True,False,False,False,1
2237980,Outpath: First Journey,12,896,3382,0.0,False,True,False,True,False,False,False,False,True,False,False,False,1
1792250,Serious Sam: Siberian Mayhem,1,1765,3380,59.99,False,True,True,False,False,False,False,False,False,False,False,False,1
1408680,Nine to Five,5,897,3370,0.0,False,False,True,False,False,False,False,True,False,False,False,False,0
2058190,Lost Judgment,9,2269,3338,249.0,False,True,True,False,False,False,False,False,False,False,False,False,1
1718870,Spaceflight Simulator,2,469,3306,24.89,True,False,False,False,False,False,False,False,True,False,False,True,1
1629520,A Little to the Left,11,2832,3286,54.95,False,False,False,True,False,False,False,False,True,False,False,False,1
1805360,Bounty game,12,1793,3270,0.0,False,True,True,True,True,True,True,False,False,True,True,False,1
1179080,FAITH,10,693,3264,28.99,False,True,False,False,False,False,False,False,True,False,False,False,1
1718130,SCP : Secret Files,9,927,3249,28.99,False,True,False,False,False,False,False,False,True,False,False,False,1
1607130,Lust Theory,3,1417,3243,46.99,False,True,False,True,False,False,False,False,False,False,True,False,1
2088570,Tiny Rogues,9,1694,3241,12.39,True,True,True,False,False,False,False,False,True,False,True,False,1
1902710,奇怪的RPG,10,1160,3241,22.79,False,True,True,False,False,False,False,False,False,False,True,False,1
1649080,Two Point Campus,8,7553,3225,155.5,False,False,False,True,False,False,True,False,True,False,False,True,1
1472660,No Place Like Home,3,1344,3217,37.99,False,True,False,True,False,False,False,False,True,False,True,True,1
1182110,Weed Shop 3,4,2551,3201,59.99,False,False,False,True,False,False,False,False,True,False,False,True,1
736820,Knights of Honor II: Sovereign,12,6061,3201,121.99,False,False,False,False,False,False,True,False,False,False,False,True,1
1337760,Potion Permit,9,4894,3187,59.99,False,True,True,True,False,False,False,False,False,False,True,False,1
1343670,Dealer's Life 2,2,2884,3181,44.99,False,False,False,True,False,False,False,False,True,False,False,True,1
1919460,Seraph's Last Stand,3,771,3128,2.07,False,False,True,True,False,False,False,False,False,False,False,False,1
968250,King of Retail,9,1079,3121,73.99,False,False,False,True,False,False,False,False,True,False,False,True,1
1900340,Ten Trials of Babel: The Doppelganger Maze,3,642,3112,10.0,False,True,False,False,False,False,False,False,True,False,False,False,1
1645820,SurrounDead,6,526,3081,38.49,True,True,True,False,False,False,False,False,True,False,True,False,1
2098350,Escape Memoirs: Mini Stories,9,2987,3079,0.0,False,True,False,True,False,False,False,True,True,False,False,False,1
1477070,Depersonalization,12,3044,3074,59.99,True,True,False,True,False,False,True,False,True,False,True,False,1
1948800,Yi Xian: The Cultivation Card Game,12,10818,3067,16.59,True,False,False,True,False,False,True,False,True,False,False,False,1
1051690,Nightmare Reaper,3,1159,3048,73.99,False,False,True,False,False,False,False,False,True,False,False,False,1
2084050,Unsolved Case,11,1087,3027,0.0,False,True,False,True,False,False,False,True,True,False,False,False,1
1668690,Alina of the Arena,10,1636,3010,28.99,False,False,False,False,False,False,True,False,True,False,False,False,1
1324780,Easy Red 2,1,315,3006,29.99,False,False,True,False,False,False,True,False,True,False,False,True,1
1283400,Steelrising,9,2804,2965,94.99,False,True,True,False,False,False,False,False,False,False,True,False,1
2073470,Kanjozoku Game レーサー,7,622,2957,16.99,False,False,False,False,True,True,False,False,False,True,False,True,1
976890,Hidden Deep,1,1226,2950,59.99,True,True,True,False,False,False,False,False,True,False,False,False,1
1570010,FAR: Changing Tides,3,989,2931,39.99,False,True,True,False,False,False,False,False,False,False,False,False,1
406350,KartKraft,1,206,2913,73.99,False,False,True,True,True,True,False,False,False,False,False,True,1
1134100,Frozenheim,6,2523,2907,39.99,False,False,False,False,False,False,True,False,False,False,False,False,1
1328840,Lost in Play,8,353,2900,50.0,False,True,False,False,False,False,False,False,True,False,False,False,1
1794960,Sonic Origins,6,2668,2897,157.99,False,True,True,True,False,False,False,False,False,False,False,False,1
1453490,Deducto,2,752,2895,0.0,False,False,False,True,False,False,True,True,True,False,False,True,1
1944790,Train Sim World® 3,9,1796,2893,75.49,False,False,False,False,False,False,False,False,False,False,False,True,1
1585220,Melatonin,12,314,2857,49.99,False,False,True,False,False,False,False,False,True,False,False,False,1
1973710,ヘブンバーンズレッド,8,20201,2836,0.0,False,True,False,False,False,False,False,True,False,False,True,False,1
2011470,大侠请重来,6,955,2832,6.99,False,False,False,True,False,False,False,False,True,False,False,False,1
1407450,大江湖之苍龙与白鸟,8,4298,2831,39.99,True,False,False,False,False,False,True,False,True,False,True,False,1
1602010,Persona 4 Arena Ultimax,3,7099,2827,159.9,False,False,True,False,False,False,False,False,False,False,False,False,1
1567020,The Dark Pictures Anthology: The Devil in Me,11,3599,2791,172.45,False,True,False,False,False,False,False,False,False,False,False,False,1
1590910,Forgive Me Father,4,333,2788,59.99,False,False,True,False,False,False,False,False,True,False,False,False,1
1726400,The Death | Thần Trùng,9,2894,2777,12.39,False,True,False,True,False,False,False,False,True,False,False,False,1
1220140,Cartel Tycoon,7,2244,2777,88.99,False,False,True,False,False,False,True,False,True,False,False,True,1
1410640,Syberia - The World Before,3,1302,2773,109.0,False,True,False,False,False,False,False,False,False,False,False,False,1
1097350,Weird West: Definitive Edition,3,4621,2766,99.99,False,True,True,False,False,False,False,False,True,False,True,True,1
1114220,Gedonia,10,1331,2762,28.99,False,False,False,False,False,False,False,False,False,False,True,False,1
1562700,SANABI,6,415,2747,46.99,True,True,True,False,False,False,False,False,True,False,False,False,1
1849000,SEX with HITLER,1,2001,2727,14.49,False,True,True,True,False,False,False,False,False,False,False,True,1
1865780,Downfall - A Slay the Spire Fan Expansion,3,3132,2720,0.0,False,False,False,False,False,False,True,False,True,False,True,False,1
1997680,REFLEXIA Prototype ver.,8,580,2714,0.0,False,False,False,True,False,False,False,True,True,False,False,False,1
2088250,瘟疫清零计划 Project Zero,9,1172,2692,0.0,False,True,True,False,False,False,True,True,True,False,False,False,1
2096600,Crysis 2 Remastered,11,863,2688,56.99,False,False,True,False,False,False,False,False,False,False,False,False,1
1705180,"Gunner, HEAT, PC!",9,981,2679,57.99,True,False,True,False,False,False,False,False,True,False,False,True,1
1865440,Cave Crawler,1,107,2677,0.0,False,True,True,True,False,False,False,True,True,False,False,False,1
1451090,Tactics Ogre: Reborn,11,10677,2672,219.9,False,False,False,False,False,False,False,False,False,False,True,True,1
1976440,CounterSide,9,5199,2666,0.0,False,False,False,False,False,False,False,True,False,False,True,False,1
1848450,Nightmare of Decay,5,241,2659,10.89,False,True,True,False,False,False,False,False,True,False,False,False,1
1227280,Despot's Game: Dystopian Army Builder,9,1463,2627,37.99,False,False,False,False,False,False,True,False,True,False,True,False,1
1901370,Ib,4,2745,2626,26.89,False,True,False,False,False,False,False,False,True,False,False,False,1
2106520,私のリアルは充実しすぎている フルボイス版,12,1340,2622,32.99,False,True,False,True,False,False,False,False,True,False,False,False,1
1592670,Soda Crisis,5,1631,2598,22.79,False,False,True,False,False,False,False,False,False,False,False,False,1
1269370,171,11,1266,2568,59.99,True,False,True,False,False,False,False,False,True,False,False,False,1
1304510,SCP: Nine-Tailed Fox,2,1164,2568,0.0,True,True,True,False,False,False,False,True,True,False,False,False,1
1969080,A Building Full of Cats,7,115,2567,5.9,False,False,False,True,False,False,False,False,False,False,False,False,1
1588010,PGA TOUR 2K23,10,3538,2554,299.9,False,False,False,False,False,True,False,False,False,False,True,True,1
1173820,FINAL FANTASY VI,2,4556,2540,70.0,False,False,False,False,False,False,False,False,False,False,True,False,1
2158860,JBMod,10,120,2538,0.0,False,False,False,True,False,False,False,True,False,False,False,True,1
715400,Frozen Flame,11,5499,2533,84.99,True,True,True,False,False,False,False,False,False,False,True,False,1
1402020,SCP: Labrat,12,567,2532,0.0,False,True,True,False,False,False,False,True,True,False,False,False,1
871980,Digimon Survive,7,6179,2524,259.9,False,False,False,False,False,False,False,False,False,False,True,False,1
1786200,Wars and Roses,1,4170,2518,37.99,False,False,True,False,False,False,False,False,False,False,False,False,0
1286580,Ship of Fools,11,2324,2515,46.99,False,False,True,False,False,False,False,False,True,False,False,False,1
1586800,Lil Gator Game,12,458,2510,59.99,False,True,True,True,False,False,False,False,True,False,False,False,1
1910580,click to ten,3,49,2508,0.0,False,True,True,True,False,False,True,True,True,False,False,False,1
1260520,Patrick's Parabox,3,592,2507,59.99,False,False,False,True,False,False,True,False,True,False,False,False,1
1681970,神都不良探,4,1565,2484,16.59,False,True,False,False,False,False,True,False,True,False,True,True,1
1531540,Distant Worlds 2,3,4974,2476,93.99,False,False,False,False,False,False,True,False,False,False,False,True,1
1829980,Cafe Stella,3,1415,2463,101.99,False,True,False,True,False,False,False,False,False,False,False,False,1
515960,Martha Is Dead,2,750,2413,57.99,False,True,False,False,False,False,False,False,True,False,False,False,1
758870,Kynseed,12,2304,2411,73.99,False,True,False,False,False,False,False,False,True,False,True,True,1
1522870,Supraland Six Inches Under,1,1973,2404,29.99,False,True,False,False,False,False,False,False,False,False,False,False,1
1854430,How Fish Is Made,1,96,2402,0.0,False,False,False,False,False,False,False,False,True,False,False,False,1
1510460,Chicken Invaders Universe,12,420,2374,0.0,False,False,True,True,False,False,False,True,True,True,False,False,1
1777620,Soul Hackers 2,8,5692,2364,299.95,False,False,False,False,False,False,False,False,False,False,True,False,1
1927720,Monument Valley,7,323,2343,16.59,False,True,False,True,False,False,True,False,True,False,False,False,1
1135230,Ember Knights,4,1039,2332,59.99,True,True,True,False,False,False,False,False,False,False,True,False,1
1115050,Will You Snail?,3,705,2296,28.99,False,True,True,False,False,False,False,False,True,False,False,False,1
1939560,镇邪 Zhenxie,11,2379,2293,28.99,False,True,False,False,False,False,False,False,True,False,True,False,1
597180,Old World,5,3589,2245,99.99,False,False,False,False,False,False,True,False,False,False,False,True,1
1201230,Immortal Life,4,2952,2244,46.0,True,False,True,True,False,False,False,False,False,False,True,True,1
1807080,Ghost Exile,1,476,2239,28.99,True,False,True,False,False,False,False,False,True,False,False,False,1
1939160,Shadows Over Loathing,11,3077,2233,59.99,False,True,False,False,False,False,False,False,True,False,True,False,1
1245430,Golden Light,3,160,2227,59.99,False,True,True,False,False,False,False,False,True,False,False,False,1
1449200,AI: THE SOMNIUM FILES - nirvanA Initiative,6,2845,2214,182.0,False,True,False,False,False,False,False,False,False,False,False,False,1
1135810,Vault of the Void,10,1003,2207,34.99,False,False,False,False,False,False,True,False,True,False,False,False,1
1665190,Monster Prom 3: Monster Roadtrip,10,1774,2200,24.89,False,False,False,True,False,False,True,False,True,False,False,True,1
1745510,Lunacid,3,547,2199,14.49,True,False,False,False,False,False,False,False,True,False,True,False,1
2068280,Nordic Ashes,12,2978,2199,12.0,True,True,True,True,False,False,True,False,True,False,True,False,1
1913730,Chimeraland,7,2264,2173,0.0,False,True,True,False,False,False,False,True,False,True,True,True,1
1282410,Hard West 2,8,3058,2163,88.99,False,False,True,False,False,False,True,False,False,False,True,False,1
1155970,Roadwarden,9,622,2152,27.29,False,True,False,False,False,False,False,False,True,False,True,False,1
1574270,Sucker for Love,1,247,2151,20.69,False,False,False,False,False,False,False,False,True,False,True,True,1
2096610,Crysis 3 Remastered,11,492,2145,56.99,False,False,True,False,False,False,False,False,False,False,False,False,1
1849900,Among Us VR,11,1144,2143,20.69,False,False,False,True,False,False,False,False,False,False,False,False,1
2066550,Error143,7,494,2142,0.0,False,False,False,True,False,False,False,True,True,False,False,True,1
833360,Star Valor,8,1891,2136,73.99,False,False,True,False,False,False,False,False,True,False,True,False,1
1817940,Love Delivery,5,546,2121,28.99,False,False,False,False,False,False,False,False,True,False,False,False,1
1265920,Life is Strange Remastered,2,1227,2106,199.0,False,True,True,False,False,False,False,False,False,False,False,False,1
1776970,月に寄りそう乙女の作法,6,689,2099,75.49,False,True,False,True,False,False,False,False,False,False,False,False,1
1292040,STRIDE,6,142,2078,37.99,False,True,True,False,False,True,False,False,False,True,False,True,1
1608290,GNOSIA,1,1140,2074,47.49,False,True,False,False,False,False,False,False,False,False,False,False,1
1918680,仙劍客棧 2,7,7532,2073,59.99,False,False,False,True,False,False,False,False,False,False,True,True,0
2135690,提西探险社,12,175,2062,0.0,False,True,False,False,False,False,False,True,True,False,True,False,1
1239320,Animal Shelter,3,1750,2058,59.99,False,True,False,True,False,False,False,False,True,False,False,True,1
970500,秦殇,1,1860,2042,2.29,False,True,True,False,False,False,False,False,False,False,True,False,1
1776160,You Will (Not) Remain,1,137,2039,0.0,False,False,False,True,False,False,False,True,True,False,True,False,1
824000,Hokko Life,9,1020,2032,59.99,False,True,False,True,False,False,False,False,True,False,True,True,1
1953520,WRC Generations - The FIA WRC Official Game,11,1241,2025,75.49,False,False,False,False,True,False,False,False,False,False,False,True,1
1328350,Turbo Overkill,4,314,2019,37.99,True,False,True,False,False,False,False,False,True,False,False,False,1
2171440,Fear & Hunger 2: Termina,12,534,2017,24.89,False,False,False,False,False,False,False,False,True,False,True,False,1
1371720,Card Shark,6,1017,2002,59.99,False,True,False,False,False,False,False,False,True,False,False,True,1
1664220,TRAIL OUT,9,496,2000,37.99,False,False,True,True,True,False,False,False,True,False,False,False,1
887570,NEBULOUS: Fleet Command,2,1133,1999,49.99,True,False,False,False,False,False,True,False,False,False,False,True,1
1904820,Prison Life,9,786,1999,0.0,False,False,False,True,False,False,True,True,True,False,True,True,1
1897120,幸福的二人房,9,670,1990,26.89,False,True,False,True,False,False,True,False,True,False,True,True,1
1731070,Asterigos: Curse of the Stars,10,1672,1987,119.0,False,True,True,False,False,False,False,False,False,False,True,False,1
1670870,MADiSON,7,506,1975,79.9,False,True,True,False,False,False,False,False,True,False,False,True,1
1723260,CaseCracker,12,638,1964,20.69,False,True,False,True,False,False,True,False,True,False,True,True,1
666150,Prehistoric Kingdom,4,2520,1946,57.99,True,False,False,False,False,False,True,False,True,False,False,True,1
1352930,HAAK,8,898,1943,34.99,False,True,True,False,False,False,False,False,True,False,False,False,1
2070550,A Castle Full of Cats,11,190,1938,8.9,False,True,False,True,False,False,False,False,False,False,False,False,1
1812390,The Elder Scrolls II: Daggerfall,4,535,1938,0.0,False,False,True,False,False,False,False,False,False,False,True,False,1
1358710,Battle Cry of Freedom,3,893,1932,19.33,False,False,True,False,False,False,True,False,True,True,True,True,1
1862520,Just Go,8,697,1923,20.69,False,False,False,True,False,False,True,False,True,False,False,True,1
1341820,As Dusk Falls,7,300,1912,119.0,False,True,False,False,False,False,False,False,False,False,False,False,1
1367300,Blade Assault,1,721,1909,34.99,False,False,True,False,False,False,False,False,True,False,False,False,1
1757490,女拳主義F-ist,12,1156,1904,26.49,False,False,True,False,False,True,False,False,True,False,False,False,1
2078780,苦主救助中心Ⅰ,11,616,1898,16.59,False,False,False,False,False,False,False,False,False,False,True,True,1
928960,Godfall,4,1762,1891,75.99,False,True,True,False,False,False,False,False,False,False,False,False,1
823950,Re:Legend,9,2589,1887,104.0,False,True,True,False,False,False,False,False,True,False,True,True,1
1860860,Flower girl 2,7,393,1872,0.0,False,False,False,True,False,False,False,True,True,False,False,False,1
1148760,I Was a Teenage Exocolonist,8,688,1865,73.99,False,False,False,False,False,False,False,False,True,False,True,True,1
1672670,彷徨之街 The Street of Adrift,9,1109,1855,32.99,True,False,False,False,False,False,False,False,True,False,False,False,1
2022180,Miss Neko 3,12,388,1838,11.0,False,False,False,True,False,False,False,False,False,False,False,False,1
615120,COMPOUND,7,102,1829,36.99,False,False,True,False,False,False,False,False,True,False,False,False,1
1307710,GRID Legends,2,455,1827,249.0,False,False,True,False,True,True,False,False,False,False,False,True,1
1860570,With You,2,91,1826,0.0,False,True,False,False,False,False,False,True,True,False,False,False,1
2083040,Nova Lands: Emilia's Mission,10,806,1824,0.0,False,True,False,True,False,False,True,False,True,False,False,True,1
1109680,Regiments,8,1258,1814,57.99,False,False,False,False,False,False,True,False,True,False,False,True,1
1588530,Dungeon Alchemist,3,1181,1813,84.99,True,False,False,False,False,False,False,False,False,False,True,False,1
2124780,Endoparasitic,10,430,1807,20.69,False,False,False,False,False,False,False,False,True,False,False,False,1
1853200,TYRONE vs COPS,2,70,1803,3.49,False,False,True,False,False,False,False,False,True,False,False,False,1
1730590,The Entropy Centre,11,615,1797,54.99,False,True,False,False,False,False,False,False,False,False,False,False,1
1955330,Save Room - Organization Puzzle,4,147,1792,10.49,False,False,False,True,False,False,False,False,True,False,False,False,1
1266700,Destroy All Humans! 2 - Reprobed,8,2870,1789,75.0,False,True,True,False,False,False,False,False,False,False,False,False,1
1700870,Clanfolk,7,2784,1787,49.99,True,False,False,False,False,False,True,False,False,False,False,True,1
1560500,Badlanders,3,998,1785,0.0,True,False,True,False,False,False,True,True,False,False,False,True,1
1175460,Revita,4,2112,1777,39.99,False,True,True,False,False,False,False,False,True,False,True,False,1
1843090,The Closing Shift | 閉店事件,3,278,1770,12.39,False,True,True,True,False,False,True,False,True,False,False,True,1
1599660,Sackboy™: A Big Adventure,10,610,1768,249.9,False,True,False,False,False,False,False,False,False,False,False,False,1
1419160,Souldiers,6,1415,1764,45.99,False,True,True,False,False,False,False,False,False,False,False,False,1
1743850,HYPER DEMON,9,365,1761,28.99,False,False,True,False,False,False,False,False,True,False,False,False,1
1611430,The Bridge Curse Road to Salvation,8,1251,1757,37.99,False,True,True,False,False,False,False,False,False,False,True,False,1
1621310,Atelier Sophie 2: The Alchemist of the Mysterious Dream,2,3622,1752,299.0,False,False,False,False,False,False,False,False,False,False,True,False,1
1231880,"Haiku, the Robot",4,410,1744,37.99,False,True,True,False,False,False,False,False,True,False,False,False,1
1895300,Shinobi Warfare,6,281,1741,0.0,False,False,False,False,False,False,False,True,False,False,True,False,1
1399720,Antimatter Dimensions,12,6962,1727,0.0,False,False,False,True,False,False,True,True,True,False,False,False,1
1816300,HARVESTELLA,11,3395,1724,249.9,False,False,True,False,False,False,False,False,False,False,True,True,1
1781160,Electrician Simulator - First Shock,1,566,1722,0.0,False,True,False,True,False,False,False,False,True,False,False,True,1
1874170,Shredders,3,697,1719,57.99,False,False,True,False,False,True,False,False,False,False,False,True,1
1786790,Magical Girl Celesphonia,5,1583,1714,37.99,False,True,False,False,False,False,False,False,True,False,True,False,1
1324530,"Warhammer 40,000: Shootas, Blood & Teef",10,932,1711,59.99,False,True,True,False,False,False,False,False,False,False,False,False,1
1048370,Idle Skilling,9,6466,1708,0.0,False,False,False,True,False,False,False,True,True,False,False,True,1
1321680,Hello Neighbor 2,12,674,1706,107.99,False,True,False,False,False,False,True,False,True,False,False,False,1
1850510,TRIANGLE STRATEGY,10,2489,1689,299.0,False,False,False,False,False,False,True,False,False,False,True,True,1
1968730,Bounty of One,8,1648,1685,9.97,True,False,True,True,False,False,False,False,True,False,True,False,1
1959480,Eternal Edge Plus Prologue,5,572,1673,0.0,False,True,True,False,False,False,False,False,False,False,True,False,1
1568540,Smithworks,6,604,1669,0.0,False,False,False,True,False,False,False,True,True,False,False,False,1
1837200,一坨便便 YTBB,1,582,1668,0.0,False,False,True,False,False,False,False,True,True,False,False,False,1
2056560,Rock Life: The Rock Simulator,7,515,1663,0.0,False,False,False,True,False,False,False,False,True,False,False,True,1
1715730,Boo Men,9,404,1662,16.59,True,False,True,False,False,False,False,False,True,False,False,False,1
1587130,Blood West,2,250,1657,28.99,True,False,True,False,False,False,False,False,False,False,False,False,1
2240530,BABBDI,12,117,1653,0.0,False,True,False,True,False,False,False,True,False,False,False,False,1
1776380,STAR OCEAN THE DIVINE FORCE,10,4420,1638,249.9,False,False,True,False,False,False,False,False,False,False,True,False,1
1133760,CHRONO CROSS: THE RADICAL DREAMERS EDITION,4,2637,1638,90.0,False,True,False,False,False,False,False,False,False,False,True,False,1
2182750,Fallen Arena,12,87,1636,0.0,True,False,True,True,False,False,False,True,False,False,False,False,1
1221250,NORCO,3,120,1624,46.99,False,True,False,False,False,False,False,False,True,False,False,False,1
1644490,Occult,5,256,1608,10.89,False,True,True,False,False,False,False,False,True,True,False,False,1
1929870,Nomad Survival,10,2431,1598,6.49,False,False,True,False,False,False,False,False,True,False,False,False,1
1808120,THE BUTTON,4,438,1590,0.0,False,False,False,True,False,False,False,True,False,False,False,False,1
2207540,时间切片：序章,11,196,1584,0.0,False,True,False,False,False,False,False,False,True,False,True,False,1
1637730,Crystal Project,3,825,1580,27.89,False,True,False,False,False,False,True,False,True,False,True,False,1
1570070,Beholder 3,3,1023,1578,39.99,False,True,False,False,False,False,True,False,True,False,False,True,1
508550,Sneak Thief,5,59,1574,28.99,False,False,True,False,False,False,True,False,True,False,False,False,1
1917090,Lights Off!,5,50,1564,0.0,False,True,False,True,False,False,False,True,False,False,False,False,1
1370050,Trek to Yomi,5,855,1563,59.99,False,True,True,False,False,False,False,False,False,False,False,False,1
1879330,WARRIORS OROCHI 3 Ultimate Definitive Edition,7,2996,1551,75.49,False,False,True,False,False,False,True,False,False,False,False,False,1
890550,RUMBLE,9,227,1550,37.99,True,False,True,False,False,True,False,False,False,False,False,False,1
1502190,From Space,11,4402,1541,39.99,False,False,True,False,False,False,False,False,True,False,False,False,1
1060230,Sapiens,7,1826,1540,47.49,True,False,False,False,False,False,True,False,True,False,False,True,1
1658290,Eiyuden Chronicle: Rising,5,1163,1534,59.99,False,True,True,False,False,False,False,False,True,False,True,False,1
1120480,The Anacrusis,1,1478,1534,59.99,True,False,True,False,False,False,False,False,True,False,False,False,0
2141730,Backrooms: Escape Together,10,248,1533,23.5,True,True,True,True,False,False,False,False,True,False,False,True,1
2014780,X-Plane 12,12,501,1533,109.99,False,False,False,False,False,False,False,False,False,False,False,True,1
1873030,Wolfenstein: Enemy Territory,4,577,1528,0.0,False,False,True,False,False,False,False,False,False,False,False,False,1
1116880,伊格利亚战记,4,563,1525,26.89,False,False,False,False,False,False,True,False,True,False,False,False,1
911430,Good Company,6,1745,1524,47.49,False,False,False,False,False,False,True,False,True,False,False,True,1
1935660,Chop Goblins,12,198,1523,10.89,False,False,True,False,False,False,False,False,True,False,False,False,1
1785820,Urbek City Builder: Prologue,3,475,1516,0.0,False,False,False,False,False,False,True,True,False,False,False,True,1
1378990,Crash Bandicoot™ 4: It’s About Time,10,454,1510,179.9,False,False,True,False,False,False,False,False,False,False,False,False,1
1409770,Cat's Kiss,5,175,1509,28.99,False,False,False,True,False,False,False,False,True,False,False,False,1
357330,Space Beast Terror Fright,6,149,1508,27.99,False,False,True,False,False,False,False,False,True,False,False,False,1
1777430,恋爱绮谭 不存在的真相,10,437,1503,27.89,False,True,False,True,False,False,False,False,False,False,False,False,1
1649730,修仙立志传,6,1732,1502,20.49,True,False,False,True,False,False,True,False,True,False,True,True,1
1354830,Cat Cafe Manager,4,582,1497,59.99,False,False,False,False,False,False,True,False,True,False,False,True,1
1614550,Astro Colony,11,2751,1491,54.99,True,True,True,True,False,False,True,False,True,False,False,True,1
1694420,Card Survival: Tropical Island,9,2144,1489,47.49,False,True,False,False,False,False,True,False,True,False,False,True,1
843810,完美的一天 / A Perfect Day,2,1732,1482,59.99,False,True,False,False,False,False,True,False,True,False,True,True,1
1834870,Lily's Well,1,140,1480,0.0,False,True,False,False,False,False,False,True,True,False,False,False,1
1827680,枝江畔之梦,1,541,1464,0.0,False,False,False,True,False,False,False,True,False,False,False,False,1
1138100,Touhou Ibunseki - Ayaria Dawn: ReCreation,4,486,1463,36.99,False,False,False,True,False,False,True,False,True,False,False,True,1
1269640,Beacon Pines,9,198,1462,59.99,False,True,False,True,False,False,False,False,True,False,False,False,1
1294420,Rollerdrome,8,542,1455,159.9,False,False,True,False,False,True,False,False,True,False,False,False,1
1772820,Mushy,2,266,1454,0.0,False,True,True,True,False,False,False,True,True,False,False,False,1
374190,Infernax,2,645,1448,59.99,False,True,True,False,False,False,False,False,True,False,True,False,1
2004320,Duelyst II,12,1978,1437,0.0,False,False,False,False,False,False,True,True,True,False,False,False,1
1694600,THE HOUSE OF THE DEAD: Remake,4,505,1430,119.0,False,False,True,False,False,False,False,False,False,False,False,False,1
1487270,Last Command,10,422,1428,28.99,False,False,True,False,False,False,False,False,True,False,True,False,1
1134700,Wild Terra 2: New Lands,11,1530,1426,105.99,False,False,True,False,False,False,False,False,True,True,True,False,1
1768640,Leap of Faith,2,505,1419,35.79,False,False,False,False,False,False,False,False,True,False,True,False,1
1812290,The Elder Scrolls: Arena,4,299,1413,0.0,False,False,True,False,False,False,False,False,False,False,True,False,1
1080020,Electrician Simulator,9,998,1408,34.99,False,True,False,True,False,False,False,False,True,False,False,True,1
1883260,Little Noah: Scion of Paradise,6,1478,1403,28.99,False,False,True,True,False,False,False,False,False,False,True,False,1
1896170,Prince of Suburbia - Part 1,5,429,1399,0.0,True,False,False,False,False,False,False,False,True,False,False,False,1
906870,FurryFury,4,1029,1397,32.99,False,True,True,True,False,False,True,False,False,False,False,False,1
949290,Winkeltje: The Little Shop,4,940,1396,28.99,False,False,False,True,False,False,False,False,True,False,False,True,1
2074800,Richman 11,10,3258,1385,50.0,False,False,False,True,False,False,True,False,False,False,False,False,1
1471180,梦江湖,7,2421,1369,57.8,False,False,False,True,False,False,True,False,False,False,True,False,1
1644990,Be Funny Now!,5,1295,1367,0.0,False,False,False,True,False,False,False,False,False,False,False,False,1
1089630,奇迹一刻 Surmount,2,557,1344,43.99,False,True,False,False,False,False,True,False,True,False,False,True,1
2061440,Oxygen: First Breath,10,968,1344,0.0,False,False,False,False,False,False,True,True,True,False,False,True,1
1390410,Midnight Fight Express,8,783,1341,59.99,False,False,True,False,False,False,False,False,True,False,False,False,1
1100930,LEGIONCRAFT,8,1324,1334,27.89,False,False,False,False,False,False,True,False,True,False,True,False,1
1826980,FreestyleFootball R,9,1166,1334,0.0,False,False,True,True,False,True,False,True,False,True,True,False,1
1336980,NOBUNAGA'S AMBITION: Awakening,7,11783,1332,299.0,False,False,False,False,False,False,False,False,False,False,False,True,1
2022270,Bakso Simulator,10,1204,1320,0.0,False,False,False,True,False,False,False,True,False,False,False,True,1
1689910,DOUKYUUSEI,4,1325,1311,37.99,False,True,False,False,False,False,False,False,False,False,False,True,1
585020,Big Bia,6,1840,1310,28.99,False,False,False,True,False,False,True,False,True,False,False,False,1
841190,"Honey, I Joined a Cult",11,1161,1304,115.9,False,False,False,True,False,False,True,False,True,False,False,True,1
1730680,Klonoa Phantasy Reverie Series,7,753,1296,199.9,False,True,True,True,False,False,False,False,False,False,False,False,1
1309000,Escape Dungeon 2,1,868,1292,54.99,False,False,False,False,False,False,True,False,True,False,True,False,1
1974090,Slava Ukraini!,5,199,1288,0.0,False,False,True,False,False,False,True,True,False,False,False,True,1
1599020,Tinykin,8,262,1286,73.99,False,True,True,False,False,False,False,False,True,False,False,False,1
2119490,TRAHA Global,11,8038,1284,0.0,False,False,True,False,False,False,True,True,False,True,True,False,1
1711610,地牢100,11,2197,1273,38.49,True,False,False,False,False,False,True,False,True,False,True,False,1
1330660,Train Life - A Railway Simulator,8,407,1260,47.99,False,False,False,False,False,False,False,False,False,False,False,True,1
1120320,Builder Simulator,6,1571,1259,59.99,False,True,False,True,False,False,True,False,True,False,False,True,1
1846920,Lust Academy,4,952,1258,29.45,False,True,False,True,False,False,False,False,True,False,False,False,1
1924480,College Kings 2 - Episode 1,4,2372,1249,24.99,False,True,False,True,False,False,False,False,True,False,False,False,1
1190170,OlliOlli World,2,403,1247,70.0,False,False,True,False,False,True,False,False,True,False,False,False,1
876160,Occupy White Walls,7,163,1236,0.0,False,False,False,True,False,False,False,True,True,True,False,True,1
285110,GearCity,1,289,1235,37.99,False,False,False,False,False,False,True,False,True,False,False,True,1
2085360,Insomnia: Theater in the Head,12,80,1233,8.74,False,True,False,True,False,False,False,False,True,False,True,True,1
1629530,Spark the Electric Jester 3,8,239,1225,24.49,False,False,True,False,False,False,False,False,True,False,False,False,1
1763050,Fears to Fathom - Episode 2,1,96,1224,6.49,False,True,False,True,False,False,False,False,True,False,False,False,1
595500,Freedom Planet 2,9,964,1223,47.49,False,True,True,False,False,False,False,False,True,False,False,False,1
1970980,Warlord: Britannia,5,379,1223,37.99,False,True,True,False,False,False,True,False,True,False,False,False,1
1324340,Made in Abyss: Binary Star Falling into Darkness,9,2052,1223,109.99,False,False,True,False,False,False,False,False,False,False,False,False,1
659540,Warsim: The Realm of Aslona,12,263,1222,32.99,False,False,False,False,False,False,True,False,True,False,True,True,1
1702330,Rune Factory 5,7,2690,1215,189.95,False,True,False,False,False,False,False,False,False,False,True,True,1
1259440,Mist Legacy,9,1065,1215,0.0,False,False,False,False,False,False,False,True,True,True,True,False,1
1660280,H-Isekai Loves,2,897,1214,6.49,False,True,False,True,False,False,False,False,True,False,True,True,1
1905950,Shelter 69,5,566,1210,0.0,False,False,False,True,False,False,False,True,False,False,True,False,1
1930640,Lost2,9,691,1208,30.99,False,False,False,True,False,False,True,False,True,False,False,False,1
1298140,Fobia - St. Dinfna Hotel,6,310,1207,57.99,False,False,False,False,False,False,False,False,True,False,False,False,1
869480,Jabroni Brawl: Episode 3,11,651,1190,0.0,False,False,True,False,False,False,False,True,True,False,False,False,1
1674890,选王之剑,1,1325,1177,16.59,False,True,False,True,False,False,True,False,True,False,True,True,1
1556980,互联网原住民Internet Generation,10,1070,1177,37.99,False,True,True,False,False,False,False,False,True,False,False,False,1
1226510,Trigon: Space Story,4,1701,1176,37.99,False,False,False,False,False,False,True,False,False,False,True,True,1
2069640,Hero's Journey,7,697,1168,28.99,False,False,False,False,False,False,False,False,False,False,True,False,1
1461600,Project Sparrow,3,575,1165,26.89,True,False,True,False,False,False,False,False,True,False,False,False,1
1901200,FPS Game: Dev Test,2,353,1161,0.0,False,False,True,False,False,False,False,True,True,False,False,False,1
1986840,POPGOES Arcade,7,258,1160,10.89,False,False,False,False,False,False,False,False,False,False,True,False,1
1717990,Fangs,11,2702,1154,0.0,True,False,True,False,False,False,True,True,True,True,False,False,0
1680550,Impact Point,7,283,1153,0.0,False,False,True,False,False,False,False,True,True,False,False,False,1
1964360,Sexy Mystic Survivors,11,1551,1153,21.78,True,False,True,True,False,False,False,False,True,False,True,False,1
801550,VAIL,11,256,1153,59.99,True,False,True,True,False,False,True,False,False,False,False,False,1
1171320,Frog Detective 3: Corruption at Cowboy County,10,220,1150,16.99,False,True,False,True,False,False,False,False,True,False,False,False,1
1850480,Cut,1,19,1149,0.0,False,False,False,False,False,False,False,False,True,False,False,False,1
1347550,Tiny Combat Arena,2,400,1147,37.99,True,False,True,False,False,False,False,False,False,False,False,True,1
325210,Arctico,2,132,1146,30.0,False,True,False,True,False,False,False,False,True,False,False,False,1
2221920,Immortals Fenyx Rising,12,909,1146,249.9,False,True,True,False,False,False,False,False,False,False,True,False,1
1379870,Tribal Hunter,8,270,1141,46.99,False,False,True,True,False,False,False,False,True,False,False,False,1
334540,Vox Machinae,5,110,1141,57.99,False,False,True,False,False,False,False,False,True,False,False,True,1
1182310,The Excavation of Hob's Barrow,9,233,1138,28.99,False,True,False,False,False,False,False,False,False,False,False,False,1
1280930,Astral Ascent,4,382,1136,59.99,True,True,True,False,False,False,False,False,True,False,False,False,1
1839660,Crystal Clash,1,1163,1136,0.0,False,False,True,True,False,False,True,True,False,False,False,False,1
520010,Climbey,1,69,1134,19.99,False,False,False,False,True,False,False,False,False,False,False,True,1
581660,Super Meat Boy Forever,1,237,1129,37.99,False,True,True,False,False,False,False,False,True,False,False,False,1
1552620,Expedition Agartha,8,996,1125,0.0,True,True,True,False,False,False,False,True,True,False,True,False,1
1822910,Capybara Spa,3,188,1123,16.59,False,False,False,False,False,False,False,False,False,False,False,True,1
1482860,Idle Research,8,4787,1119,0.0,True,True,False,True,False,False,True,True,True,False,False,True,1
1933650,The Imperial Gatekeeper,9,1115,1117,26.89,False,True,False,False,False,False,False,False,True,False,True,False,1
1563130,SuperPower 3,10,1343,1117,57.99,False,False,False,False,False,False,True,False,False,False,False,True,0
1706930,A Taste of the Past,3,47,1115,0.0,False,True,False,True,False,False,False,True,True,False,False,False,1
1592110,Spirit Of The Island,8,665,1114,59.99,False,True,False,True,False,False,False,False,True,False,True,True,1
1580520,Lost Eidolons,10,1489,1112,99.99,False,False,False,False,False,False,True,False,True,False,True,False,1
1981570,Land of the Vikings,11,1134,1109,59.99,True,False,False,False,False,False,True,False,False,False,False,False,1
1999170,Insect Swarm,6,392,1105,20.69,True,True,True,True,False,False,False,False,True,False,True,False,1
1611410,Stardom 3 Deluxe,3,2191,1101,39.0,False,False,False,True,False,False,False,False,False,False,False,True,1
1811950,The Legend of Heroes: Kuro no Kiseki,7,2120,1100,249.5,False,False,False,False,False,False,False,False,False,False,True,False,1
1164250,Model Builder,2,880,1099,37.99,False,False,False,True,False,False,False,False,False,False,False,True,1
1827980,Idle Spiral,4,2214,1096,0.0,False,False,False,True,False,False,True,True,True,False,False,True,1
1442670,Hamster Playground,8,546,1094,0.0,True,False,False,True,True,False,False,True,True,False,False,True,1
2176560,Dreamland,10,222,1089,0.0,True,True,False,True,False,False,False,True,True,False,False,False,1
1136380,Ultimate Fishing Simulator 2,8,924,1089,37.99,True,False,False,True,False,True,False,False,False,False,False,True,1
1428870,Grapple,3,110,1088,0.0,False,False,True,True,True,False,True,True,True,False,False,False,0
2138700,Crypt,9,234,1086,0.0,False,True,False,False,False,False,False,True,True,False,False,False,1
1035990,Dialtown: Phone Dating Sim,2,133,1074,43.62,False,False,False,True,False,False,False,False,True,False,False,False,1
1350200,IMMORTALITY,8,399,1073,59.99,False,True,False,True,False,False,False,False,True,False,False,True,1
1059980,Just King,7,1247,1071,8.69,True,False,True,True,False,False,False,False,True,False,False,False,1
1602080,Soulstice,9,599,1066,75.49,False,True,True,False,False,False,False,False,False,False,False,False,1
1836450,Monster Hunter Rise: Sunbreak Demo,6,27540,1062,0.0,False,False,True,False,False,False,False,False,False,False,False,False,1
1151050,Golf Gang,5,684,1061,29.99,False,False,True,True,True,True,False,False,False,False,False,False,1
1826960,Trip In Another World,6,729,1060,0.0,False,True,False,True,False,False,True,True,False,True,True,True,1
2124420,天命奇御：歸途 Fate Seeker: Journey,12,3170,1057,55.0,False,False,True,False,False,False,False,False,False,False,True,False,1
964440,Hell is Others,10,942,1057,24.99,False,True,True,False,False,False,False,False,True,False,False,False,1
1610900,The Genesis Project,4,615,1055,0.0,True,True,False,False,False,False,False,True,False,False,True,True,1
1256230,Hyperbolica,3,591,1053,32.99,False,True,False,False,False,False,False,False,True,False,False,False,1
552080,IronWolf VR,4,45,1046,36.99,False,False,True,False,False,False,False,False,True,False,False,True,1
1710580,MotoGP™22,4,673,1046,109.99,False,False,False,False,True,True,False,False,False,False,False,True,1
1904860,Legends of Kingdom Rush,7,1535,1038,54.0,False,False,False,False,False,False,True,False,True,False,True,False,1
1697700,Who's Lila?,2,87,1036,24.89,False,True,False,True,False,False,False,False,True,False,True,False,1
1930600,Beautiful Mystic Survivors,10,1461,1036,10.89,True,False,True,True,False,False,False,False,True,False,True,False,1
1927740,Monument Valley 2,7,105,1033,16.59,False,True,False,True,False,False,True,False,True,False,False,False,1
1497640,Traitors in Salem,9,548,1033,0.0,False,False,False,True,False,False,True,True,True,False,False,False,1
1808060,Obama Maze,8,46,1028,0.0,True,False,False,True,False,False,False,True,True,False,False,False,1
1411740,Urbek City Builder,7,665,1025,36.99,False,False,False,False,False,False,True,False,True,False,False,True,1
1881200,TRYP FPV,6,234,1025,46.99,True,False,False,False,True,True,False,False,True,False,False,True,1
1868000,Resist the succubus—The end of the female Knight,7,2171,1022,32.99,True,True,False,False,False,False,True,False,True,False,True,False,1
1102930,KoboldKare,12,470,1021,28.99,False,False,False,True,False,False,False,False,True,False,True,True,1
2059810,Richman 4,7,2049,1017,19.0,False,False,False,True,False,False,False,False,False,False,False,False,1
2181720,Scarlet Tower,10,233,1016,9.99,True,False,True,True,False,False,False,False,True,False,True,False,1
1389990,Oblivity,3,1064,1016,39.95,False,False,True,True,False,False,False,False,True,False,False,True,1
1205970,MX vs ATV Legends,6,464,1015,75.0,False,False,False,False,True,True,False,False,False,False,False,False,1
2206340,Aokana - EXTRA2,12,531,1013,73.99,False,True,False,True,False,True,False,False,False,False,False,False,1
1896700,Wylde Flowers,9,653,1008,47.49,False,True,False,False,False,False,False,False,False,False,False,True,1
674090,Sky Haven,11,674,1006,59.95,False,False,False,False,False,False,True,False,False,False,False,True,1
1426490,LOST EPIC,7,1175,1004,54.99,False,False,True,False,False,False,False,False,True,False,True,False,1
